branch,yyyymm,main_category,secondary_category,secondary_department,pdf_val,csv_val,diff_pdf_csv,is_equal,is_large_diff,invest_result,差分の許容,real_pdf_val,diff_include_ok
長崎支店,202509,その他損益,本店管理費,工事営業部計,1648,,,,,,,,-1648
長崎支店,202509,その他損益,本店管理費,硝子建材営業部計,2013,,,,,,,,-2013
長崎支店,202509,その他損益,本店管理費,長崎支店計,3661,,,,,,,,-3661
長崎支店,202509,営業経費,本年実績,工事営業部計,8221,,,,,,,,-8221
長崎支店,202509,営業経費,本年実績,硝子建材営業部計,29669,,,,,,,,-29669
長崎支店,202509,営業経費,本年実績,長崎支店計,37890,,,,,,,,-37890
長崎支店,202509,営業経費,本年目標,工事営業部計,9371,,,,,,,,-9371
長崎支店,202509,営業経費,本年目標,硝子建材営業部計,30871,,,,,,,,-30871
長崎支店,202509,営業経費,本年目標,長崎支店計,40242,,,,,,,,-40242
長崎支店,202509,営業利益,本年実績,工事営業部計,3348,,,,,,,,-3348
長崎支店,202509,営業利益,本年実績,硝子建材営業部計,3782,,,,,,,,-3782
長崎支店,202509,営業利益,本年実績,長崎支店計,7130,,,,,,,,-7130
長崎支店,202509,営業利益,本年目標,工事営業部計,-701,,,,,,,,701
長崎支店,202509,営業利益,本年目標,硝子建材営業部計,3129,,,,,,,,-3129
長崎支店,202509,営業利益,本年目標,長崎支店計,2428,,,,,,,,-2428
長崎支店,202509,経常利益,当月経常利益,工事営業部計,1360,,,,,,,,-1360
長崎支店,202509,経常利益,当月経常利益,硝子建材営業部計,996,,,,,,,,-996
長崎支店,202509,経常利益,当月経常利益,長崎支店計,2356,,,,,,,,-2356
長崎支店,202509,経常利益,本年目標,工事営業部計,-2949,,,,,,,,2949
長崎支店,202509,経常利益,本年目標,硝子建材営業部計,16,,,,,,,,-16
長崎支店,202509,経常利益,本年目標,長崎支店計,-2933,,,,,,,,2933
長崎支店,202509,売上高,本年実績,ガラス工事,23551,,,,,,,,-23551
長崎支店,202509,売上高,本年実績,サッシ工事,9858,,,,,,,,-9858
長崎支店,202509,売上高,本年実績,サッシ販売,20481,,,,,,,,-20481
長崎支店,202509,売上高,本年実績,ビルサッシ,26065,,,,,,,,-26065
長崎支店,202509,売上高,本年実績,完成品(その他),54641,,,,,,,,-54641
長崎支店,202509,売上高,本年実績,工事営業部計,49616,,,,,,,,-49616
長崎支店,202509,売上高,本年実績,硝子建材営業部計,99460,,,,,,,,-99460
長崎支店,202509,売上高,本年実績,硝子工事,9222,,,,,,,,-9222
長崎支店,202509,売上高,本年実績,硝子販売,5258,,,,,,,,-5258
長崎支店,202509,売上高,本年実績,長崎支店計,149076,,,,,,,,-149076
長崎支店,202509,売上高,本年目標,ガラス工事,19483,,,,,,,,-19483
長崎支店,202509,売上高,本年目標,サッシ工事,5000,,,,,,,,-5000
長崎支店,202509,売上高,本年目標,サッシ販売,16000,,,,,,,,-16000
長崎支店,202509,売上高,本年目標,ビルサッシ,21500,,,,,,,,-21500
長崎支店,202509,売上高,本年目標,完成品(その他),57000,,,,,,,,-57000
長崎支店,202509,売上高,本年目標,工事営業部計,40983,,,,,,,,-40983
長崎支店,202509,売上高,本年目標,硝子建材営業部計,100000,,,,,,,,-100000
長崎支店,202509,売上高,本年目標,硝子工事,15000,,,,,,,,-15000
長崎支店,202509,売上高,本年目標,硝子販売,7000,,,,,,,,-7000
長崎支店,202509,売上高,本年目標,長崎支店計,140983,,,,,,,,-140983
長崎支店,202509,売上総利益,本年実績,ガラス工事,5602,,,,,,,,-5602
長崎支店,202509,売上総利益,本年実績,サッシ工事,2218,,,,,,,,-2218
長崎支店,202509,売上総利益,本年実績,サッシ販売,3779,,,,,,,,-3779
長崎支店,202509,売上総利益,本年実績,ビルサッシ,5967,,,,,,,,-5967
長崎支店,202509,売上総利益,本年実績,完成品(その他),17156,,,,,,,,-17156
長崎支店,202509,売上総利益,本年実績,工事営業部計,11569,,,,,,,,-11569
長崎支店,202509,売上総利益,本年実績,硝子建材営業部計,33451,,,,,,,,-33451
長崎支店,202509,売上総利益,本年実績,硝子工事,7725,,,,,,,,-7725
長崎支店,202509,売上総利益,本年実績,硝子販売,2573,,,,,,,,-2573
長崎支店,202509,売上総利益,本年実績,長崎支店計,45020,,,,,,,,-45020
長崎支店,202509,売上総利益,本年目標,ガラス工事,4800,,,,,,,,-4800
長崎支店,202509,売上総利益,本年目標,サッシ工事,1400,,,,,,,,-1400
長崎支店,202509,売上総利益,本年目標,サッシ販売,3200,,,,,,,,-3200
長崎支店,202509,売上総利益,本年目標,ビルサッシ,3870,,,,,,,,-3870
長崎支店,202509,売上総利益,本年目標,完成品(その他),19000,,,,,,,,-19000
長崎支店,202509,売上総利益,本年目標,工事営業部計,8670,,,,,,,,-8670
長崎支店,202509,売上総利益,本年目標,硝子建材営業部計,34000,,,,,,,,-34000
長崎支店,202509,売上総利益,本年目標,硝子工事,7200,,,,,,,,-7200
長崎支店,202509,売上総利益,本年目標,硝子販売,3200,,,,,,,,-3200
長崎支店,202509,売上総利益,本年目標,長崎支店計,42670,,,,,,,,-42670
長崎支店,202509,売上総利益率,前年実績,ガラス工事,3,,,,,,,,-3
長崎支店,202509,売上総利益率,前年実績,サッシ工事,8,,,,,,,,-8
長崎支店,202509,売上総利益率,前年実績,サッシ販売,20,,,,,,,,-20
長崎支店,202509,売上総利益率,前年実績,ビルサッシ,14,,,,,,,,-14
長崎支店,202509,売上総利益率,前年実績,完成品(その他),28,,,,,,,,-28
長崎支店,202509,売上総利益率,前年実績,工事営業部計,9,,,,,,,,-9
長崎支店,202509,売上総利益率,前年実績,硝子建材営業部計,27,,,,,,,,-27
長崎支店,202509,売上総利益率,前年実績,硝子工事,32,,,,,,,,-32
長崎支店,202509,売上総利益率,前年実績,硝子販売,42,,,,,,,,-42
長崎支店,202509,売上総利益率,前年実績,長崎支店計,22,,,,,,,,-22
長崎支店,202509,売上総利益率,本年実績,ガラス工事,23.8,,,,,,,,-23.8
長崎支店,202509,売上総利益率,本年実績,サッシ工事,22.5,,,,,,,,-22.5
長崎支店,202509,売上総利益率,本年実績,サッシ販売,18.5,,,,,,,,-18.5
長崎支店,202509,売上総利益率,本年実績,ビルサッシ,22.9,,,,,,,,-22.9
長崎支店,202509,売上総利益率,本年実績,完成品(その他),31.4,,,,,,,,-31.4
長崎支店,202509,売上総利益率,本年実績,工事営業部計,23.3,,,,,,,,-23.3
長崎支店,202509,売上総利益率,本年実績,硝子建材営業部計,33.6,,,,,,,,-33.6
長崎支店,202509,売上総利益率,本年実績,硝子工事,83.8,,,,,,,,-83.8
長崎支店,202509,売上総利益率,本年実績,硝子販売,48.9,,,,,,,,-48.9
長崎支店,202509,売上総利益率,本年実績,長崎支店計,30.2,,,,,,,,-30.2
長崎支店,202509,売上総利益率,本年目標,ガラス工事,25,,,,,,,,-25
長崎支店,202509,売上総利益率,本年目標,サッシ工事,28,,,,,,,,-28
長崎支店,202509,売上総利益率,本年目標,サッシ販売,20,,,,,,,,-20
長崎支店,202509,売上総利益率,本年目標,ビルサッシ,18,,,,,,,,-18
長崎支店,202509,売上総利益率,本年目標,完成品(その他),33,,,,,,,,-33
長崎支店,202509,売上総利益率,本年目標,工事営業部計,21,,,,,,,,-21
長崎支店,202509,売上総利益率,本年目標,硝子建材営業部計,34,,,,,,,,-34
長崎支店,202509,売上総利益率,本年目標,硝子工事,48,,,,,,,,-48
長崎支店,202509,売上総利益率,本年目標,硝子販売,46,,,,,,,,-46
長崎支店,202509,売上総利益率,本年目標,長崎支店計,30,,,,,,,,-30
長崎支店,202510,その他損益,本店管理費,工事営業部計,1648,,,,,,,,-1648
長崎支店,202510,その他損益,本店管理費,硝子建材営業部計,2013,,,,,,,,-2013
長崎支店,202510,その他損益,本店管理費,長崎支店計,3661,,,,,,,,-3661
長崎支店,202510,営業経費,本年実績,工事営業部計,7866,,,,,,,,-7866
長崎支店,202510,営業経費,本年実績,硝子建材営業部計,30302,,,,,,,,-30302
長崎支店,202510,営業経費,本年実績,長崎支店計,38168,,,,,,,,-38168
長崎支店,202510,営業経費,本年目標,工事営業部計,9217,,,,,,,,-9217
長崎支店,202510,営業経費,本年目標,硝子建材営業部計,29893,,,,,,,,-29893
長崎支店,202510,営業経費,本年目標,長崎支店計,39110,,,,,,,,-39110
長崎支店,202510,営業利益,本年実績,工事営業部計,-207,,,,,,,,207
長崎支店,202510,営業利益,本年実績,硝子建材営業部計,7441,,,,,,,,-7441
長崎支店,202510,営業利益,本年実績,長崎支店計,7234,,,,,,,,-7234
長崎支店,202510,営業利益,本年目標,工事営業部計,-2217,,,,,,,,2217
長崎支店,202510,営業利益,本年目標,硝子建材営業部計,9107,,,,,,,,-9107
長崎支店,202510,営業利益,本年目標,長崎支店計,6890,,,,,,,,-6890
長崎支店,202510,経常利益,当月経常利益,工事営業部計,-1843,,,,,,,,1843
長崎支店,202510,経常利益,当月経常利益,硝子建材営業部計,4588,,,,,,,,-4588
長崎支店,202510,経常利益,当月経常利益,長崎支店計,2745,,,,,,,,-2745
長崎支店,202510,経常利益,本年目標,工事営業部計,-4465,,,,,,,,4465
長崎支店,202510,経常利益,本年目標,硝子建材営業部計,5994,,,,,,,,-5994
長崎支店,202510,経常利益,本年目標,長崎支店計,1529,,,,,,,,-1529
長崎支店,202510,売上高,本年実績,ガラス工事,11008,,,,,,,,-11008
長崎支店,202510,売上高,本年実績,サッシ工事,10118,,,,,,,,-10118
長崎支店,202510,売上高,本年実績,サッシ販売,23379,,,,,,,,-23379
長崎支店,202510,売上高,本年実績,ビルサッシ,20909,,,,,,,,-20909
長崎支店,202510,売上高,本年実績,完成品(その他),75773,,,,,,,,-75773
長崎支店,202510,売上高,本年実績,工事営業部計,31917,,,,,,,,-31917
長崎支店,202510,売上高,本年実績,硝子建材営業部計,143608,,,,,,,,-143608
長崎支店,202510,売上高,本年実績,硝子工事,24514,,,,,,,,-24514
長崎支店,202510,売上高,本年実績,硝子販売,9824,,,,,,,,-9824
長崎支店,202510,売上高,本年実績,長崎支店計,175525,,,,,,,,-175525
長崎支店,202510,売上高,本年目標,ガラス工事,9737,,,,,,,,-9737
長崎支店,202510,売上高,本年目標,サッシ工事,6850,,,,,,,,-6850
長崎支店,202510,売上高,本年目標,サッシ販売,20000,,,,,,,,-20000
長崎支店,202510,売上高,本年目標,ビルサッシ,24210,,,,,,,,-24210
長崎支店,202510,売上高,本年目標,完成品(その他),74000,,,,,,,,-74000
長崎支店,202510,売上高,本年目標,工事営業部計,33947,,,,,,,,-33947
長崎支店,202510,売上高,本年目標,硝子建材営業部計,130000,,,,,,,,-130000
長崎支店,202510,売上高,本年目標,硝子工事,20050,,,,,,,,-20050
長崎支店,202510,売上高,本年目標,硝子販売,9100,,,,,,,,-9100
長崎支店,202510,売上高,本年目標,長崎支店計,163947,,,,,,,,-163947
長崎支店,202510,売上総利益,本年実績,ガラス工事,3887,,,,,,,,-3887
長崎支店,202510,売上総利益,本年実績,サッシ工事,2442,,,,,,,,-2442
長崎支店,202510,売上総利益,本年実績,サッシ販売,4288,,,,,,,,-4288
長崎支店,202510,売上総利益,本年実績,ビルサッシ,3772,,,,,,,,-3772
長崎支店,202510,売上総利益,本年実績,完成品(その他),18879,,,,,,,,-18879
長崎支店,202510,売上総利益,本年実績,工事営業部計,7659,,,,,,,,-7659
長崎支店,202510,売上総利益,本年実績,硝子建材営業部計,37743,,,,,,,,-37743
長崎支店,202510,売上総利益,本年実績,硝子工事,7495,,,,,,,,-7495
長崎支店,202510,売上総利益,本年実績,硝子販売,4639,,,,,,,,-4639
長崎支店,202510,売上総利益,本年実績,長崎支店計,45402,,,,,,,,-45402
長崎支店,202510,売上総利益,本年目標,ガラス工事,2400,,,,,,,,-2400
長崎支店,202510,売上総利益,本年目標,サッシ工事,1700,,,,,,,,-1700
長崎支店,202510,売上総利益,本年目標,サッシ販売,3700,,,,,,,,-3700
長崎支店,202510,売上総利益,本年目標,ビルサッシ,4600,,,,,,,,-4600
長崎支店,202510,売上総利益,本年目標,完成品(その他),21800,,,,,,,,-21800
長崎支店,202510,売上総利益,本年目標,工事営業部計,7000,,,,,,,,-7000
長崎支店,202510,売上総利益,本年目標,硝子建材営業部計,39000,,,,,,,,-39000
長崎支店,202510,売上総利益,本年目標,硝子工事,8300,,,,,,,,-8300
長崎支店,202510,売上総利益,本年目標,硝子販売,3500,,,,,,,,-3500
長崎支店,202510,売上総利益,本年目標,長崎支店計,46000,,,,,,,,-46000
長崎支店,202510,売上総利益率,前年実績,ガラス工事,22,,,,,,,,-22
長崎支店,202510,売上総利益率,前年実績,サッシ工事,25,,,,,,,,-25
長崎支店,202510,売上総利益率,前年実績,サッシ販売,20,,,,,,,,-20
長崎支店,202510,売上総利益率,前年実績,ビルサッシ,19,,,,,,,,-19
長崎支店,202510,売上総利益率,前年実績,完成品(その他),26,,,,,,,,-26
長崎支店,202510,売上総利益率,前年実績,工事営業部計,20,,,,,,,,-20
長崎支店,202510,売上総利益率,前年実績,硝子建材営業部計,28,,,,,,,,-28
長崎支店,202510,売上総利益率,前年実績,硝子工事,36,,,,,,,,-36
長崎支店,202510,売上総利益率,前年実績,硝子販売,39,,,,,,,,-39
長崎支店,202510,売上総利益率,前年実績,長崎支店計,25,,,,,,,,-25
長崎支店,202510,売上総利益率,本年実績,ガラス工事,35.3,,,,,,,,-35.3
長崎支店,202510,売上総利益率,本年実績,サッシ工事,24.1,,,,,,,,-24.1
長崎支店,202510,売上総利益率,本年実績,サッシ販売,18.3,,,,,,,,-18.3
長崎支店,202510,売上総利益率,本年実績,ビルサッシ,18,,,,,,,,-18
長崎支店,202510,売上総利益率,本年実績,完成品(その他),24.9,,,,,,,,-24.9
長崎支店,202510,売上総利益率,本年実績,工事営業部計,24,,,,,,,,-24
長崎支店,202510,売上総利益率,本年実績,硝子建材営業部計,26.3,,,,,,,,-26.3
長崎支店,202510,売上総利益率,本年実績,硝子工事,30.6,,,,,,,,-30.6
長崎支店,202510,売上総利益率,本年実績,硝子販売,47.2,,,,,,,,-47.2
長崎支店,202510,売上総利益率,本年実績,長崎支店計,25.9,,,,,,,,-25.9
長崎支店,202510,売上総利益率,本年目標,ガラス工事,25,,,,,,,,-25
長崎支店,202510,売上総利益率,本年目標,サッシ工事,25,,,,,,,,-25
長崎支店,202510,売上総利益率,本年目標,サッシ販売,19,,,,,,,,-19
長崎支店,202510,売上総利益率,本年目標,ビルサッシ,19,,,,,,,,-19
長崎支店,202510,売上総利益率,本年目標,完成品(その他),29,,,,,,,,-29
長崎支店,202510,売上総利益率,本年目標,工事営業部計,21,,,,,,,,-21
長崎支店,202510,売上総利益率,本年目標,硝子建材営業部計,30,,,,,,,,-30
長崎支店,202510,売上総利益率,本年目標,硝子工事,41,,,,,,,,-41
長崎支店,202510,売上総利益率,本年目標,硝子販売,38,,,,,,,,-38
長崎支店,202510,売上総利益率,本年目標,長崎支店計,28,,,,,,,,-28
長崎支店,202511,その他損益,本店管理費,工事営業部計,1648,,,,,,,,-1648
長崎支店,202511,その他損益,本店管理費,硝子建材営業部計,2013,,,,,,,,-2013
長崎支店,202511,その他損益,本店管理費,長崎支店計,3661,,,,,,,,-3661
長崎支店,202511,営業経費,本年実績,工事営業部計,8995,,,,,,,,-8995
長崎支店,202511,営業経費,本年実績,硝子建材営業部計,32456,,,,,,,,-32456
長崎支店,202511,営業経費,本年実績,長崎支店計,41451,,,,,,,,-41451
長崎支店,202511,営業経費,本年目標,工事営業部計,9034,,,,,,,,-9034
長崎支店,202511,営業経費,本年目標,硝子建材営業部計,30206,,,,,,,,-30206
長崎支店,202511,営業経費,本年目標,長崎支店計,39240,,,,,,,,-39240
長崎支店,202511,営業利益,本年実績,工事営業部計,1901,,,,,,,,-1901
長崎支店,202511,営業利益,本年実績,硝子建材営業部計,3036,,,,,,,,-3036
長崎支店,202511,営業利益,本年実績,長崎支店計,4937,,,,,,,,-4937
長崎支店,202511,営業利益,本年目標,工事営業部計,1266,,,,,,,,-1266
長崎支店,202511,営業利益,本年目標,硝子建材営業部計,8794,,,,,,,,-8794
長崎支店,202511,営業利益,本年目標,長崎支店計,10060,,,,,,,,-10060
長崎支店,202511,経常利益,当月経常利益,工事営業部計,-101,,,,,,,,101
長崎支店,202511,経常利益,当月経常利益,硝子建材営業部計,711,,,,,,,,-711
長崎支店,202511,経常利益,当月経常利益,長崎支店計,610,,,,,,,,-610
長崎支店,202511,経常利益,本年目標,工事営業部計,-982,,,,,,,,982
長崎支店,202511,経常利益,本年目標,硝子建材営業部計,5681,,,,,,,,-5681
長崎支店,202511,経常利益,本年目標,長崎支店計,4699,,,,,,,,-4699
長崎支店,202511,売上高,本年実績,ガラス工事,14185,,,,,,,,-14185
長崎支店,202511,売上高,本年実績,サッシ工事,4355,,,,,,,,-4355
長崎支店,202511,売上高,本年実績,サッシ販売,20906,,,,,,,,-20906
長崎支店,202511,売上高,本年実績,ビルサッシ,43158,,,,,,,,-43158
長崎支店,202511,売上高,本年実績,完成品(その他),68760,,,,,,,,-68760
長崎支店,202511,売上高,本年実績,工事営業部計,57343,,,,,,,,-57343
長崎支店,202511,売上高,本年実績,硝子建材営業部計,116924,,,,,,,,-116924
長崎支店,202511,売上高,本年実績,硝子工事,16152,,,,,,,,-16152
長崎支店,202511,売上高,本年実績,硝子販売,6751,,,,,,,,-6751
長崎支店,202511,売上高,本年実績,長崎支店計,174267,,,,,,,,-174267
長崎支店,202511,売上高,本年目標,ガラス工事,21100,,,,,,,,-21100
長崎支店,202511,売上高,本年目標,サッシ工事,6850,,,,,,,,-6850
長崎支店,202511,売上高,本年目標,サッシ販売,20000,,,,,,,,-20000
長崎支店,202511,売上高,本年目標,ビルサッシ,28450,,,,,,,,-28450
長崎支店,202511,売上高,本年目標,完成品(その他),74000,,,,,,,,-74000
長崎支店,202511,売上高,本年目標,工事営業部計,49550,,,,,,,,-49550
長崎支店,202511,売上高,本年目標,硝子建材営業部計,130000,,,,,,,,-130000
長崎支店,202511,売上高,本年目標,硝子工事,20050,,,,,,,,-20050
長崎支店,202511,売上高,本年目標,硝子販売,9100,,,,,,,,-9100
長崎支店,202511,売上高,本年目標,長崎支店計,179550,,,,,,,,-179550
長崎支店,202511,売上総利益,本年実績,ガラス工事,3968,,,,,,,,-3968
長崎支店,202511,売上総利益,本年実績,サッシ工事,1594,,,,,,,,-1594
長崎支店,202511,売上総利益,本年実績,サッシ販売,3882,,,,,,,,-3882
長崎支店,202511,売上総利益,本年実績,ビルサッシ,6928,,,,,,,,-6928
長崎支店,202511,売上総利益,本年実績,完成品(その他),20291,,,,,,,,-20291
長崎支店,202511,売上総利益,本年実績,工事営業部計,10896,,,,,,,,-10896
長崎支店,202511,売上総利益,本年実績,硝子建材営業部計,35492,,,,,,,,-35492
長崎支店,202511,売上総利益,本年実績,硝子工事,6624,,,,,,,,-6624
長崎支店,202511,売上総利益,本年実績,硝子販売,3101,,,,,,,,-3101
長崎支店,202511,売上総利益,本年実績,長崎支店計,46388,,,,,,,,-46388
長崎支店,202511,売上総利益,本年目標,ガラス工事,5200,,,,,,,,-5200
長崎支店,202511,売上総利益,本年目標,サッシ工事,1700,,,,,,,,-1700
長崎支店,202511,売上総利益,本年目標,サッシ販売,3700,,,,,,,,-3700
長崎支店,202511,売上総利益,本年目標,ビルサッシ,5100,,,,,,,,-5100
長崎支店,202511,売上総利益,本年目標,完成品(その他),21800,,,,,,,,-21800
長崎支店,202511,売上総利益,本年目標,工事営業部計,10300,,,,,,,,-10300
長崎支店,202511,売上総利益,本年目標,硝子建材営業部計,39000,,,,,,,,-39000
長崎支店,202511,売上総利益,本年目標,硝子工事,8300,,,,,,,,-8300
長崎支店,202511,売上総利益,本年目標,硝子販売,3500,,,,,,,,-3500
長崎支店,202511,売上総利益,本年目標,長崎支店計,49300,,,,,,,,-49300
長崎支店,202511,売上総利益率,前年実績,ガラス工事,22,,,,,,,,-22
長崎支店,202511,売上総利益率,前年実績,サッシ工事,72,,,,,,,,-72
長崎支店,202511,売上総利益率,前年実績,サッシ販売,20,,,,,,,,-20
長崎支店,202511,売上総利益率,前年実績,ビルサッシ,13,,,,,,,,-13
長崎支店,202511,売上総利益率,前年実績,完成品(その他),30,,,,,,,,-30
長崎支店,202511,売上総利益率,前年実績,工事営業部計,16,,,,,,,,-16
長崎支店,202511,売上総利益率,前年実績,硝子建材営業部計,32,,,,,,,,-32
長崎支店,202511,売上総利益率,前年実績,硝子工事,34,,,,,,,,-34
長崎支店,202511,売上総利益率,前年実績,硝子販売,39,,,,,,,,-39
長崎支店,202511,売上総利益率,前年実績,長崎支店計,26,,,,,,,,-26
長崎支店,202511,売上総利益率,本年実績,ガラス工事,28,,,,,,,,-28
長崎支店,202511,売上総利益率,本年実績,サッシ工事,36.6,,,,,,,,-36.6
長崎支店,202511,売上総利益率,本年実績,サッシ販売,18.6,,,,,,,,-18.6
長崎支店,202511,売上総利益率,本年実績,ビルサッシ,16.1,,,,,,,,-16.1
長崎支店,202511,売上総利益率,本年実績,完成品(その他),29.5,,,,,,,,-29.5
長崎支店,202511,売上総利益率,本年実績,工事営業部計,19,,,,,,,,-19
長崎支店,202511,売上総利益率,本年実績,硝子建材営業部計,30.4,,,,,,,,-30.4
長崎支店,202511,売上総利益率,本年実績,硝子工事,41,,,,,,,,-41
長崎支店,202511,売上総利益率,本年実績,硝子販売,45.9,,,,,,,,-45.9
長崎支店,202511,売上総利益率,本年実績,長崎支店計,26.6,,,,,,,,-26.6
長崎支店,202511,売上総利益率,本年目標,ガラス工事,25,,,,,,,,-25
長崎支店,202511,売上総利益率,本年目標,サッシ工事,25,,,,,,,,-25
長崎支店,202511,売上総利益率,本年目標,サッシ販売,19,,,,,,,,-19
長崎支店,202511,売上総利益率,本年目標,ビルサッシ,18,,,,,,,,-18
長崎支店,202511,売上総利益率,本年目標,完成品(その他),29,,,,,,,,-29
長崎支店,202511,売上総利益率,本年目標,工事営業部計,21,,,,,,,,-21
長崎支店,202511,売上総利益率,本年目標,硝子建材営業部計,30,,,,,,,,-30
長崎支店,202511,売上総利益率,本年目標,硝子工事,41,,,,,,,,-41
長崎支店,202511,売上総利益率,本年目標,硝子販売,38,,,,,,,,-38
長崎支店,202511,売上総利益率,本年目標,長崎支店計,27,,,,,,,,-27
東京支店,202509,その他損益,本店管理費,ガラス工事計,3264,,,,,,,,-3264
東京支店,202509,その他損益,本店管理費,工事営業部計,4054,,,,,,,,-4054
東京支店,202509,その他損益,本店管理費,山本（改装）,790,,,,,,,,-790
東京支店,202509,その他損益,本店管理費,硝子建材営業部計,1952,,,,,,,,-1952
東京支店,202509,その他損益,本店管理費,東京支店計,6006,,,,,,,,-6006
東京支店,202509,営業経費,本年実績,ガラス工事計,23059,,,,,,,,-23059
東京支店,202509,営業経費,本年実績,工事営業部計,25947,,,,,,,,-25947
東京支店,202509,営業経費,本年実績,山本（改装）,2888,,,,,,,,-2888
東京支店,202509,営業経費,本年実績,硝子建材営業部計,19035,,,,,,,,-19035
東京支店,202509,営業経費,本年実績,東京支店計,44982,,,,,,,,-44982
東京支店,202509,営業経費,本年目標,ガラス工事計,22267,,,,,,,,-22267
東京支店,202509,営業経費,本年目標,工事営業部計,25619,,,,,,,,-25619
東京支店,202509,営業経費,本年目標,山本（改装）,3352,,,,,,,,-3352
東京支店,202509,営業経費,本年目標,硝子建材営業部計,18584,,,,,,,,-18584
東京支店,202509,営業経費,本年目標,東京支店計,44203,,,,,,,,-44203
東京支店,202509,営業利益,本年実績,ガラス工事計,10124,,,,,,,,-10124
東京支店,202509,営業利益,本年実績,工事営業部計,22120,,,,,,,,-22120
東京支店,202509,営業利益,本年実績,山本（改装）,11996,,,,,,,,-11996
東京支店,202509,営業利益,本年実績,硝子建材営業部計,7697,,,,,,,,-7697
東京支店,202509,営業利益,本年実績,東京支店計,29817,,,,,,,,-29817
東京支店,202509,営業利益,本年目標,ガラス工事計,10677,,,,,,,,-10677
東京支店,202509,営業利益,本年目標,工事営業部計,20389,,,,,,,,-20389
東京支店,202509,営業利益,本年目標,山本（改装）,9712,,,,,,,,-9712
東京支店,202509,営業利益,本年目標,硝子建材営業部計,10529,,,,,,,,-10529
東京支店,202509,営業利益,本年目標,東京支店計,30918,,,,,,,,-30918
東京支店,202509,経常利益,本年実績,ガラス工事計,2579,,,,,,,,-2579
東京支店,202509,経常利益,本年実績,工事営業部計,13316,,,,,,,,-13316
東京支店,202509,経常利益,本年実績,山本（改装）,10737,,,,,,,,-10737
東京支店,202509,経常利益,本年実績,硝子建材営業部計,3717,,,,,,,,-3717
東京支店,202509,経常利益,本年実績,東京支店計,17033,,,,,,,,-17033
東京支店,202509,経常利益,本年目標,ガラス工事計,3513,,,,,,,,-3513
東京支店,202509,経常利益,本年目標,工事営業部計,12075,,,,,,,,-12075
東京支店,202509,経常利益,本年目標,山本（改装）,8562,,,,,,,,-8562
東京支店,202509,経常利益,本年目標,硝子建材営業部計,6577,,,,,,,,-6577
東京支店,202509,経常利益,本年目標,東京支店計,18652,,,,,,,,-18652
東京支店,202509,売上高,本年実績,ガラス工事計,164061,,,,,,,,-164061
東京支店,202509,売上高,本年実績,サッシ完成品,43397,,,,,,,,-43397
東京支店,202509,売上高,本年実績,サッシ販売,6323,,,,,,,,-6323
東京支店,202509,売上高,本年実績,その他,32657,,,,,,,,-32657
東京支店,202509,売上高,本年実績,ビルサッシ,7945,,,,,,,,-7945
東京支店,202509,売上高,本年実績,工事営業部計,296282,,,,,,,,-296282
東京支店,202509,売上高,本年実績,高石（内装・リニューアル）,13956,,,,,,,,-13956
東京支店,202509,売上高,本年実績,佐々木（大成・鹿島他）,23518,,,,,,,,-23518
東京支店,202509,売上高,本年実績,山本（改装）,132221,,,,,,,,-132221
東京支店,202509,売上高,本年実績,小笠原（三井住友他）,56946,,,,,,,,-56946
東京支店,202509,売上高,本年実績,硝子建材営業部計,131747,,,,,,,,-131747
東京支店,202509,売上高,本年実績,硝子工事,17537,,,,,,,,-17537
東京支店,202509,売上高,本年実績,硝子販売,23888,,,,,,,,-23888
東京支店,202509,売上高,本年実績,浅井（清水他）,69641,,,,,,,,-69641
東京支店,202509,売上高,本年実績,東京支店計,428029,,,,,,,,-428029
東京支店,202509,売上高,本年目標,サッシ完成品,47910,,,,,,,,-47910
東京支店,202509,売上高,本年目標,サッシ販売,5050,,,,,,,,-5050
東京支店,202509,売上高,本年目標,その他,27250,,,,,,,,-27250
東京支店,202509,売上高,本年目標,ビルサッシ,13700,,,,,,,,-13700
東京支店,202509,売上高,本年目標,工事営業部計,267997,,,,,,,,-267997
東京支店,202509,売上高,本年目標,硝子建材営業部計,136710,,,,,,,,-136710
東京支店,202509,売上高,本年目標,硝子工事,24000,,,,,,,,-24000
東京支店,202509,売上高,本年目標,硝子販売,18800,,,,,,,,-18800
東京支店,202509,売上高,本年目標,東京支店計,404707,,,,,,,,-404707
東京支店,202509,売上総利益,本年実績,ガラス工事計,33183,,,,,,,,-33183
東京支店,202509,売上総利益,本年実績,サッシ完成品,6612,,,,,,,,-6612
東京支店,202509,売上総利益,本年実績,サッシ販売,2254,,,,,,,,-2254
東京支店,202509,売上総利益,本年実績,その他,7426,,,,,,,,-7426
東京支店,202509,売上総利益,本年実績,ビルサッシ,1751,,,,,,,,-1751
東京支店,202509,売上総利益,本年実績,工事営業部計,48067,,,,,,,,-48067
東京支店,202509,売上総利益,本年実績,高石（内装・リニューアル）,4340,,,,,,,,-4340
東京支店,202509,売上総利益,本年実績,佐々木（大成・鹿島他）,1882,,,,,,,,-1882
東京支店,202509,売上総利益,本年実績,山本（改装）,14884,,,,,,,,-14884
東京支店,202509,売上総利益,本年実績,小笠原（三井住友他）,19559,,,,,,,,-19559
東京支店,202509,売上総利益,本年実績,硝子建材営業部計,26732,,,,,,,,-26732
東京支店,202509,売上総利益,本年実績,硝子工事,4923,,,,,,,,-4923
東京支店,202509,売上総利益,本年実績,硝子販売,3766,,,,,,,,-3766
東京支店,202509,売上総利益,本年実績,浅井（清水他）,7402,,,,,,,,-7402
東京支店,202509,売上総利益,本年実績,東京支店計,74799,,,,,,,,-74799
東京支店,202509,売上総利益,本年目標,サッシ完成品,8955,,,,,,,,-8955
東京支店,202509,売上総利益,本年目標,サッシ販売,2080,,,,,,,,-2080
東京支店,202509,売上総利益,本年目標,その他,6378,,,,,,,,-6378
東京支店,202509,売上総利益,本年目標,ビルサッシ,2835,,,,,,,,-2835
東京支店,202509,売上総利益,本年目標,工事営業部計,46008,,,,,,,,-46008
東京支店,202509,売上総利益,本年目標,硝子建材営業部計,29113,,,,,,,,-29113
東京支店,202509,売上総利益,本年目標,硝子工事,5760,,,,,,,,-5760
東京支店,202509,売上総利益,本年目標,硝子販売,3105,,,,,,,,-3105
東京支店,202509,売上総利益,本年目標,東京支店計,75121,,,,,,,,-75121
東京支店,202509,売総利益率,前年実績,ガラス工事計,,,,,,,,,0
東京支店,202509,売総利益率,前年実績,サッシ完成品,,,,,,,,,0
東京支店,202509,売総利益率,前年実績,サッシ販売,,,,,,,,,0
東京支店,202509,売総利益率,前年実績,その他,,,,,,,,,0
東京支店,202509,売総利益率,前年実績,ビルサッシ,,,,,,,,,0
東京支店,202509,売総利益率,前年実績,工事営業部計,,,,,,,,,0
東京支店,202509,売総利益率,前年実績,高石（内装・リニューアル）,,,,,,,,,0
東京支店,202509,売総利益率,前年実績,佐々木（大成・鹿島他）,,,,,,,,,0
東京支店,202509,売総利益率,前年実績,山本（改装）,,,,,,,,,0
東京支店,202509,売総利益率,前年実績,小笠原（三井住友他）,,,,,,,,,0
東京支店,202509,売総利益率,前年実績,硝子建材営業部計,,,,,,,,,0
東京支店,202509,売総利益率,前年実績,硝子工事,,,,,,,,,0
東京支店,202509,売総利益率,前年実績,硝子販売,,,,,,,,,0
東京支店,202509,売総利益率,前年実績,浅井（清水他）,,,,,,,,,0
東京支店,202509,売総利益率,前年実績,東京支店計,,,,,,,,,0
東京支店,202509,売総利益率,本年実績,ガラス工事計,,,,,,,,,0
東京支店,202509,売総利益率,本年実績,サッシ完成品,,,,,,,,,0
東京支店,202509,売総利益率,本年実績,サッシ販売,,,,,,,,,0
東京支店,202509,売総利益率,本年実績,その他,,,,,,,,,0
東京支店,202509,売総利益率,本年実績,ビルサッシ,,,,,,,,,0
東京支店,202509,売総利益率,本年実績,工事営業部計,,,,,,,,,0
東京支店,202509,売総利益率,本年実績,高石（内装・リニューアル）,,,,,,,,,0
東京支店,202509,売総利益率,本年実績,佐々木（大成・鹿島他）,,,,,,,,,0
東京支店,202509,売総利益率,本年実績,山本（改装）,,,,,,,,,0
東京支店,202509,売総利益率,本年実績,小笠原（三井住友他）,,,,,,,,,0
東京支店,202509,売総利益率,本年実績,硝子建材営業部計,,,,,,,,,0
東京支店,202509,売総利益率,本年実績,硝子工事,,,,,,,,,0
東京支店,202509,売総利益率,本年実績,硝子販売,,,,,,,,,0
東京支店,202509,売総利益率,本年実績,浅井（清水他）,,,,,,,,,0
東京支店,202509,売総利益率,本年実績,東京支店計,,,,,,,,,0
東京支店,202509,売総利益率,本年目標,ガラス工事計,,,,,,,,,0
東京支店,202509,売総利益率,本年目標,サッシ完成品,,,,,,,,,0
東京支店,202509,売総利益率,本年目標,サッシ販売,,,,,,,,,0
東京支店,202509,売総利益率,本年目標,その他,,,,,,,,,0
東京支店,202509,売総利益率,本年目標,ビルサッシ,,,,,,,,,0
東京支店,202509,売総利益率,本年目標,工事営業部計,,,,,,,,,0
東京支店,202509,売総利益率,本年目標,高石（内装・リニューアル）,,,,,,,,,0
東京支店,202509,売総利益率,本年目標,佐々木（大成・鹿島他）,,,,,,,,,0
東京支店,202509,売総利益率,本年目標,山本（改装）,,,,,,,,,0
東京支店,202509,売総利益率,本年目標,小笠原（三井住友他）,,,,,,,,,0
東京支店,202509,売総利益率,本年目標,硝子建材営業部計,,,,,,,,,0
東京支店,202509,売総利益率,本年目標,硝子工事,,,,,,,,,0
東京支店,202509,売総利益率,本年目標,硝子販売,,,,,,,,,0
東京支店,202509,売総利益率,本年目標,浅井（清水他）,,,,,,,,,0
東京支店,202509,売総利益率,本年目標,東京支店計,,,,,,,,,0
東京支店,202510,その他損益,本店管理費,ガラス工事計,3264,,,,,,,,-3264
東京支店,202510,その他損益,本店管理費,工事営業部計,4054,,,,,,,,-4054
東京支店,202510,その他損益,本店管理費,山本（改装）,790,,,,,,,,-790
東京支店,202510,その他損益,本店管理費,硝子建材営業部計,1952,,,,,,,,-1952
東京支店,202510,その他損益,本店管理費,東京支店計,6006,,,,,,,,-6006
東京支店,202510,営業経費,本年実績,ガラス工事計,22498,,,,,,,,-22498
東京支店,202510,営業経費,本年実績,工事営業部計,25626,,,,,,,,-25626
東京支店,202510,営業経費,本年実績,山本（改装）,3128,,,,,,,,-3128
東京支店,202510,営業経費,本年実績,硝子建材営業部計,17159,,,,,,,,-17159
東京支店,202510,営業経費,本年実績,東京支店計,42785,,,,,,,,-42785
東京支店,202510,営業経費,本年目標,ガラス工事計,21647,,,,,,,,-21647
東京支店,202510,営業経費,本年目標,工事営業部計,24839,,,,,,,,-24839
東京支店,202510,営業経費,本年目標,山本（改装）,3192,,,,,,,,-3192
東京支店,202510,営業経費,本年目標,硝子建材営業部計,17554,,,,,,,,-17554
東京支店,202510,営業経費,本年目標,東京支店計,42393,,,,,,,,-42393
東京支店,202510,営業利益,本年実績,ガラス工事計,7477,,,,,,,,-7477
東京支店,202510,営業利益,本年実績,工事営業部計,29467,,,,,,,,-29467
東京支店,202510,営業利益,本年実績,山本（改装）,21990,,,,,,,,-21990
東京支店,202510,営業利益,本年実績,硝子建材営業部計,8373,,,,,,,,-8373
東京支店,202510,営業利益,本年実績,東京支店計,37840,,,,,,,,-37840
東京支店,202510,営業利益,本年目標,ガラス工事計,10121,,,,,,,,-10121
東京支店,202510,営業利益,本年目標,工事営業部計,25652,,,,,,,,-25652
東京支店,202510,営業利益,本年目標,山本（改装）,15531,,,,,,,,-15531
東京支店,202510,営業利益,本年目標,硝子建材営業部計,9559,,,,,,,,-9559
東京支店,202510,営業利益,本年目標,東京支店計,35211,,,,,,,,-35211
東京支店,202510,経常利益,本年実績,ガラス工事計,669,,,,,,,,-669
東京支店,202510,経常利益,本年実績,工事営業部計,21504,,,,,,,,-21504
東京支店,202510,経常利益,本年実績,山本（改装）,20835,,,,,,,,-20835
東京支店,202510,経常利益,本年実績,硝子建材営業部計,4594,,,,,,,,-4594
東京支店,202510,経常利益,本年実績,東京支店計,26098,,,,,,,,-26098
東京支店,202510,経常利益,本年目標,ガラス工事計,2957,,,,,,,,-2957
東京支店,202510,経常利益,本年目標,工事営業部計,17338,,,,,,,,-17338
東京支店,202510,経常利益,本年目標,山本（改装）,14381,,,,,,,,-14381
東京支店,202510,経常利益,本年目標,硝子建材営業部計,5607,,,,,,,,-5607
東京支店,202510,経常利益,本年目標,東京支店計,22945,,,,,,,,-22945
東京支店,202510,売上高,本年実績,ガラス工事計,177771,,,,,,,,-177771
東京支店,202510,売上高,本年実績,サッシ完成品,51258,,,,,,,,-51258
東京支店,202510,売上高,本年実績,サッシ販売,7531,,,,,,,,-7531
東京支店,202510,売上高,本年実績,その他,31031,,,,,,,,-31031
東京支店,202510,売上高,本年実績,ビルサッシ,15709,,,,,,,,-15709
東京支店,202510,売上高,本年実績,工事営業部計,337877,,,,,,,,-337877
東京支店,202510,売上高,本年実績,高石（内装・リニューアル）,19411,,,,,,,,-19411
東京支店,202510,売上高,本年実績,佐々木（大成・鹿島他）,51508,,,,,,,,-51508
東京支店,202510,売上高,本年実績,山本（改装）,160106,,,,,,,,-160106
東京支店,202510,売上高,本年実績,小笠原（三井住友他）,63381,,,,,,,,-63381
東京支店,202510,売上高,本年実績,硝子建材営業部計,143652,,,,,,,,-143652
東京支店,202510,売上高,本年実績,硝子工事,16084,,,,,,,,-16084
東京支店,202510,売上高,本年実績,硝子販売,22039,,,,,,,,-22039
東京支店,202510,売上高,本年実績,浅井（清水他）,43471,,,,,,,,-43471
東京支店,202510,売上高,本年実績,東京支店計,481529,,,,,,,,-481529
東京支店,202510,売上高,本年目標,サッシ完成品,47910,,,,,,,,-47910
東京支店,202510,売上高,本年目標,サッシ販売,5050,,,,,,,,-5050
東京支店,202510,売上高,本年目標,その他,27250,,,,,,,,-27250
東京支店,202510,売上高,本年目標,ビルサッシ,13700,,,,,,,,-13700
東京支店,202510,売上高,本年目標,工事営業部計,288039,,,,,,,,-288039
東京支店,202510,売上高,本年目標,硝子建材営業部計,136710,,,,,,,,-136710
東京支店,202510,売上高,本年目標,硝子工事,24000,,,,,,,,-24000
東京支店,202510,売上高,本年目標,硝子販売,18800,,,,,,,,-18800
東京支店,202510,売上高,本年目標,東京支店計,424749,,,,,,,,-424749
東京支店,202510,売上総利益,本年実績,ガラス工事計,29975,,,,,,,,-29975
東京支店,202510,売上総利益,本年実績,サッシ完成品,7969,,,,,,,,-7969
東京支店,202510,売上総利益,本年実績,サッシ販売,1674,,,,,,,,-1674
東京支店,202510,売上総利益,本年実績,その他,6922,,,,,,,,-6922
東京支店,202510,売上総利益,本年実績,ビルサッシ,2193,,,,,,,,-2193
東京支店,202510,売上総利益,本年実績,工事営業部計,55093,,,,,,,,-55093
東京支店,202510,売上総利益,本年実績,高石（内装・リニューアル）,5766,,,,,,,,-5766
東京支店,202510,売上総利益,本年実績,佐々木（大成・鹿島他）,12099,,,,,,,,-12099
東京支店,202510,売上総利益,本年実績,山本（改装）,25118,,,,,,,,-25118
東京支店,202510,売上総利益,本年実績,小笠原（三井住友他）,7172,,,,,,,,-7172
東京支店,202510,売上総利益,本年実績,硝子建材営業部計,25532,,,,,,,,-25532
東京支店,202510,売上総利益,本年実績,硝子工事,3590,,,,,,,,-3590
東京支店,202510,売上総利益,本年実績,硝子販売,3184,,,,,,,,-3184
東京支店,202510,売上総利益,本年実績,浅井（清水他）,4938,,,,,,,,-4938
東京支店,202510,売上総利益,本年実績,東京支店計,80625,,,,,,,,-80625
東京支店,202510,売上総利益,本年目標,サッシ完成品,7955,,,,,,,,-7955
東京支店,202510,売上総利益,本年目標,サッシ販売,1080,,,,,,,,-1080
東京支店,202510,売上総利益,本年目標,その他,6378,,,,,,,,-6378
東京支店,202510,売上総利益,本年目標,ビルサッシ,2835,,,,,,,,-2835
東京支店,202510,売上総利益,本年目標,工事営業部計,50491,,,,,,,,-50491
東京支店,202510,売上総利益,本年目標,硝子建材営業部計,27113,,,,,,,,-27113
東京支店,202510,売上総利益,本年目標,硝子工事,5760,,,,,,,,-5760
東京支店,202510,売上総利益,本年目標,硝子販売,3105,,,,,,,,-3105
東京支店,202510,売上総利益,本年目標,東京支店計,77604,,,,,,,,-77604
東京支店,202510,売総利益率,前年実績,ガラス工事計,,,,,,,,,0
東京支店,202510,売総利益率,前年実績,サッシ完成品,,,,,,,,,0
東京支店,202510,売総利益率,前年実績,サッシ販売,,,,,,,,,0
東京支店,202510,売総利益率,前年実績,その他,,,,,,,,,0
東京支店,202510,売総利益率,前年実績,ビルサッシ,,,,,,,,,0
東京支店,202510,売総利益率,前年実績,工事営業部計,,,,,,,,,0
東京支店,202510,売総利益率,前年実績,高石（内装・リニューアル）,,,,,,,,,0
東京支店,202510,売総利益率,前年実績,佐々木（大成・鹿島他）,,,,,,,,,0
東京支店,202510,売総利益率,前年実績,山本（改装）,,,,,,,,,0
東京支店,202510,売総利益率,前年実績,小笠原（三井住友他）,,,,,,,,,0
東京支店,202510,売総利益率,前年実績,硝子建材営業部計,,,,,,,,,0
東京支店,202510,売総利益率,前年実績,硝子工事,,,,,,,,,0
東京支店,202510,売総利益率,前年実績,硝子販売,,,,,,,,,0
東京支店,202510,売総利益率,前年実績,浅井（清水他）,,,,,,,,,0
東京支店,202510,売総利益率,前年実績,東京支店計,,,,,,,,,0
東京支店,202510,売総利益率,本年実績,ガラス工事計,,,,,,,,,0
東京支店,202510,売総利益率,本年実績,サッシ完成品,,,,,,,,,0
東京支店,202510,売総利益率,本年実績,サッシ販売,,,,,,,,,0
東京支店,202510,売総利益率,本年実績,その他,,,,,,,,,0
東京支店,202510,売総利益率,本年実績,ビルサッシ,,,,,,,,,0
東京支店,202510,売総利益率,本年実績,工事営業部計,,,,,,,,,0
東京支店,202510,売総利益率,本年実績,高石（内装・リニューアル）,,,,,,,,,0
東京支店,202510,売総利益率,本年実績,佐々木（大成・鹿島他）,,,,,,,,,0
東京支店,202510,売総利益率,本年実績,山本（改装）,,,,,,,,,0
東京支店,202510,売総利益率,本年実績,小笠原（三井住友他）,,,,,,,,,0
東京支店,202510,売総利益率,本年実績,硝子建材営業部計,,,,,,,,,0
東京支店,202510,売総利益率,本年実績,硝子工事,,,,,,,,,0
東京支店,202510,売総利益率,本年実績,硝子販売,,,,,,,,,0
東京支店,202510,売総利益率,本年実績,浅井（清水他）,,,,,,,,,0
東京支店,202510,売総利益率,本年実績,東京支店計,,,,,,,,,0
東京支店,202510,売総利益率,本年目標,ガラス工事計,,,,,,,,,0
東京支店,202510,売総利益率,本年目標,サッシ完成品,,,,,,,,,0
東京支店,202510,売総利益率,本年目標,サッシ販売,,,,,,,,,0
東京支店,202510,売総利益率,本年目標,その他,,,,,,,,,0
東京支店,202510,売総利益率,本年目標,ビルサッシ,,,,,,,,,0
東京支店,202510,売総利益率,本年目標,工事営業部計,,,,,,,,,0
東京支店,202510,売総利益率,本年目標,高石（内装・リニューアル）,,,,,,,,,0
東京支店,202510,売総利益率,本年目標,佐々木（大成・鹿島他）,,,,,,,,,0
東京支店,202510,売総利益率,本年目標,山本（改装）,,,,,,,,,0
東京支店,202510,売総利益率,本年目標,小笠原（三井住友他）,,,,,,,,,0
東京支店,202510,売総利益率,本年目標,硝子建材営業部計,,,,,,,,,0
東京支店,202510,売総利益率,本年目標,硝子工事,,,,,,,,,0
東京支店,202510,売総利益率,本年目標,硝子販売,,,,,,,,,0
東京支店,202510,売総利益率,本年目標,浅井（清水他）,,,,,,,,,0
東京支店,202510,売総利益率,本年目標,東京支店計,,,,,,,,,0
東京支店,202511,その他損益,本店管理費,ガラス工事計,3264,,,,,,,,-3264
東京支店,202511,その他損益,本店管理費,工事営業部計,4054,,,,,,,,-4054
東京支店,202511,その他損益,本店管理費,山本（改装）,790,,,,,,,,-790
東京支店,202511,その他損益,本店管理費,硝子建材営業部計,1952,,,,,,,,-1952
東京支店,202511,その他損益,本店管理費,東京支店計,6006,,,,,,,,-6006
東京支店,202511,営業経費,本年実績,ガラス工事計,22985,,,,,,,,-22985
東京支店,202511,営業経費,本年実績,工事営業部計,26008,,,,,,,,-26008
東京支店,202511,営業経費,本年実績,山本（改装）,3023,,,,,,,,-3023
東京支店,202511,営業経費,本年実績,硝子建材営業部計,18791,,,,,,,,-18791
東京支店,202511,営業経費,本年実績,東京支店計,44799,,,,,,,,-44799
東京支店,202511,営業経費,本年目標,ガラス工事計,22137,,,,,,,,-22137
東京支店,202511,営業経費,本年目標,工事営業部計,25459,,,,,,,,-25459
東京支店,202511,営業経費,本年目標,山本（改装）,3322,,,,,,,,-3322
東京支店,202511,営業経費,本年目標,硝子建材営業部計,18334,,,,,,,,-18334
東京支店,202511,営業経費,本年目標,東京支店計,43793,,,,,,,,-43793
東京支店,202511,営業利益,本年実績,ガラス工事計,10818,,,,,,,,-10818
東京支店,202511,営業利益,本年実績,工事営業部計,45588,,,,,,,,-45588
東京支店,202511,営業利益,本年実績,山本（改装）,34770,,,,,,,,-34770
東京支店,202511,営業利益,本年実績,硝子建材営業部計,7739,,,,,,,,-7739
東京支店,202511,営業利益,本年実績,東京支店計,53327,,,,,,,,-53327
東京支店,202511,営業利益,本年目標,ガラス工事計,17299,,,,,,,,-17299
東京支店,202511,営業利益,本年目標,工事営業部計,30834,,,,,,,,-30834
東京支店,202511,営業利益,本年目標,山本（改装）,13535,,,,,,,,-13535
東京支店,202511,営業利益,本年目標,硝子建材営業部計,8779,,,,,,,,-8779
東京支店,202511,営業利益,本年目標,東京支店計,39613,,,,,,,,-39613
東京支店,202511,経常利益,本年実績,ガラス工事計,4459,,,,,,,,-4459
東京支店,202511,経常利益,本年実績,工事営業部計,38033,,,,,,,,-38033
東京支店,202511,経常利益,本年実績,山本（改装）,33574,,,,,,,,-33574
東京支店,202511,経常利益,本年実績,硝子建材営業部計,3972,,,,,,,,-3972
東京支店,202511,経常利益,本年実績,東京支店計,42005,,,,,,,,-42005
東京支店,202511,経常利益,本年目標,ガラス工事計,10135,,,,,,,,-10135
東京支店,202511,経常利益,本年目標,工事営業部計,22520,,,,,,,,-22520
東京支店,202511,経常利益,本年目標,山本（改装）,12385,,,,,,,,-12385
東京支店,202511,経常利益,本年目標,硝子建材営業部計,4827,,,,,,,,-4827
東京支店,202511,経常利益,本年目標,東京支店計,27347,,,,,,,,-27347
東京支店,202511,売上高,本年実績,ガラス工事計,240281,,,,,,,,-240281
東京支店,202511,売上高,本年実績,サッシ完成品,35209,,,,,,,,-35209
東京支店,202511,売上高,本年実績,サッシ販売,3506,,,,,,,,-3506
東京支店,202511,売上高,本年実績,その他,31626,,,,,,,,-31626
東京支店,202511,売上高,本年実績,ビルサッシ,5494,,,,,,,,-5494
東京支店,202511,売上高,本年実績,工事営業部計,384164,,,,,,,,-384164
東京支店,202511,売上高,本年実績,高石（内装・リニューアル）,21247,,,,,,,,-21247
東京支店,202511,売上高,本年実績,佐々木（大成・鹿島他）,63190,,,,,,,,-63190
東京支店,202511,売上高,本年実績,山本（改装）,143883,,,,,,,,-143883
東京支店,202511,売上高,本年実績,小笠原（三井住友他）,98685,,,,,,,,-98685
東京支店,202511,売上高,本年実績,硝子建材営業部計,130110,,,,,,,,-130110
東京支店,202511,売上高,本年実績,硝子工事,32753,,,,,,,,-32753
東京支店,202511,売上高,本年実績,硝子販売,21522,,,,,,,,-21522
東京支店,202511,売上高,本年実績,浅井（清水他）,57159,,,,,,,,-57159
東京支店,202511,売上高,本年実績,東京支店計,514274,,,,,,,,-514274
東京支店,202511,売上高,本年目標,サッシ完成品,47910,,,,,,,,-47910
東京支店,202511,売上高,本年目標,サッシ販売,5050,,,,,,,,-5050
東京支店,202511,売上高,本年目標,その他,27250,,,,,,,,-27250
東京支店,202511,売上高,本年目標,ビルサッシ,13700,,,,,,,,-13700
東京支店,202511,売上高,本年目標,工事営業部計,324999,,,,,,,,-324999
東京支店,202511,売上高,本年目標,硝子建材営業部計,136710,,,,,,,,-136710
東京支店,202511,売上高,本年目標,硝子工事,24000,,,,,,,,-24000
東京支店,202511,売上高,本年目標,硝子販売,18800,,,,,,,,-18800
東京支店,202511,売上高,本年目標,東京支店計,461709,,,,,,,,-461709
東京支店,202511,売上総利益,本年実績,ガラス工事計,33803,,,,,,,,-33803
東京支店,202511,売上総利益,本年実績,サッシ完成品,7139,,,,,,,,-7139
東京支店,202511,売上総利益,本年実績,サッシ販売,628,,,,,,,,-628
東京支店,202511,売上総利益,本年実績,その他,7835,,,,,,,,-7835
東京支店,202511,売上総利益,本年実績,ビルサッシ,911,,,,,,,,-911
東京支店,202511,売上総利益,本年実績,工事営業部計,71596,,,,,,,,-71596
東京支店,202511,売上総利益,本年実績,高石（内装・リニューアル）,7340,,,,,,,,-7340
東京支店,202511,売上総利益,本年実績,佐々木（大成・鹿島他）,1132,,,,,,,,-1132
東京支店,202511,売上総利益,本年実績,山本（改装）,37793,,,,,,,,-37793
東京支店,202511,売上総利益,本年実績,小笠原（三井住友他）,19202,,,,,,,,-19202
東京支店,202511,売上総利益,本年実績,硝子建材営業部計,26530,,,,,,,,-26530
東京支店,202511,売上総利益,本年実績,硝子工事,6616,,,,,,,,-6616
東京支店,202511,売上総利益,本年実績,硝子販売,3401,,,,,,,,-3401
東京支店,202511,売上総利益,本年実績,浅井（清水他）,6129,,,,,,,,-6129
東京支店,202511,売上総利益,本年実績,東京支店計,98126,,,,,,,,-98126
東京支店,202511,売上総利益,本年目標,サッシ完成品,7955,,,,,,,,-7955
東京支店,202511,売上総利益,本年目標,サッシ販売,1080,,,,,,,,-1080
東京支店,202511,売上総利益,本年目標,その他,6378,,,,,,,,-6378
東京支店,202511,売上総利益,本年目標,ビルサッシ,2835,,,,,,,,-2835
東京支店,202511,売上総利益,本年目標,工事営業部計,56293,,,,,,,,-56293
東京支店,202511,売上総利益,本年目標,硝子建材営業部計,27113,,,,,,,,-27113
東京支店,202511,売上総利益,本年目標,硝子工事,5760,,,,,,,,-5760
東京支店,202511,売上総利益,本年目標,硝子販売,3105,,,,,,,,-3105
東京支店,202511,売上総利益,本年目標,東京支店計,83406,,,,,,,,-83406
東京支店,202511,売総利益率,前年実績,ガラス工事計,,,,,,,,,0
東京支店,202511,売総利益率,前年実績,サッシ完成品,,,,,,,,,0
東京支店,202511,売総利益率,前年実績,サッシ販売,,,,,,,,,0
東京支店,202511,売総利益率,前年実績,その他,,,,,,,,,0
東京支店,202511,売総利益率,前年実績,ビルサッシ,,,,,,,,,0
東京支店,202511,売総利益率,前年実績,工事営業部計,,,,,,,,,0
東京支店,202511,売総利益率,前年実績,高石（内装・リニューアル）,,,,,,,,,0
東京支店,202511,売総利益率,前年実績,佐々木（大成・鹿島他）,,,,,,,,,0
東京支店,202511,売総利益率,前年実績,山本（改装）,,,,,,,,,0
東京支店,202511,売総利益率,前年実績,小笠原（三井住友他）,,,,,,,,,0
東京支店,202511,売総利益率,前年実績,硝子建材営業部計,,,,,,,,,0
東京支店,202511,売総利益率,前年実績,硝子工事,,,,,,,,,0
東京支店,202511,売総利益率,前年実績,硝子販売,,,,,,,,,0
東京支店,202511,売総利益率,前年実績,浅井（清水他）,,,,,,,,,0
東京支店,202511,売総利益率,前年実績,東京支店計,,,,,,,,,0
東京支店,202511,売総利益率,本年実績,ガラス工事計,,,,,,,,,0
東京支店,202511,売総利益率,本年実績,サッシ完成品,,,,,,,,,0
東京支店,202511,売総利益率,本年実績,サッシ販売,,,,,,,,,0
東京支店,202511,売総利益率,本年実績,その他,,,,,,,,,0
東京支店,202511,売総利益率,本年実績,ビルサッシ,,,,,,,,,0
東京支店,202511,売総利益率,本年実績,工事営業部計,,,,,,,,,0
東京支店,202511,売総利益率,本年実績,高石（内装・リニューアル）,,,,,,,,,0
東京支店,202511,売総利益率,本年実績,佐々木（大成・鹿島他）,,,,,,,,,0
東京支店,202511,売総利益率,本年実績,山本（改装）,,,,,,,,,0
東京支店,202511,売総利益率,本年実績,小笠原（三井住友他）,,,,,,,,,0
東京支店,202511,売総利益率,本年実績,硝子建材営業部計,,,,,,,,,0
東京支店,202511,売総利益率,本年実績,硝子工事,,,,,,,,,0
東京支店,202511,売総利益率,本年実績,硝子販売,,,,,,,,,0
東京支店,202511,売総利益率,本年実績,浅井（清水他）,,,,,,,,,0
東京支店,202511,売総利益率,本年実績,東京支店計,,,,,,,,,0
東京支店,202511,売総利益率,本年目標,ガラス工事計,,,,,,,,,0
東京支店,202511,売総利益率,本年目標,サッシ完成品,,,,,,,,,0
東京支店,202511,売総利益率,本年目標,サッシ販売,,,,,,,,,0
東京支店,202511,売総利益率,本年目標,その他,,,,,,,,,0
東京支店,202511,売総利益率,本年目標,ビルサッシ,,,,,,,,,0
東京支店,202511,売総利益率,本年目標,工事営業部計,,,,,,,,,0
東京支店,202511,売総利益率,本年目標,高石（内装・リニューアル）,,,,,,,,,0
東京支店,202511,売総利益率,本年目標,佐々木（大成・鹿島他）,,,,,,,,,0
東京支店,202511,売総利益率,本年目標,山本（改装）,,,,,,,,,0
東京支店,202511,売総利益率,本年目標,小笠原（三井住友他）,,,,,,,,,0
東京支店,202511,売総利益率,本年目標,硝子建材営業部計,,,,,,,,,0
東京支店,202511,売総利益率,本年目標,硝子工事,,,,,,,,,0
東京支店,202511,売総利益率,本年目標,硝子販売,,,,,,,,,0
東京支店,202511,売総利益率,本年目標,浅井（清水他）,,,,,,,,,0
東京支店,202511,売総利益率,本年目標,東京支店計,,,,,,,,,0
福岡支店,202509,その他損益,本店管理費,工事部計,2126,,,,,,,,-2126
福岡支店,202509,その他損益,本店管理費,硝子樹脂計,2207,,,,,,,,-2207
福岡支店,202509,その他損益,本店管理費,福岡支店計,4333,,,,,,,,-4333
福岡支店,202509,営業経費,本年実績,GSセンター,1035,,,,,,,,-1035
福岡支店,202509,営業経費,本年実績,工事部計,16109,,,,,,,,-16109
福岡支店,202509,営業経費,本年実績,硝子樹脂計,22835,,,,,,,,-22835
福岡支店,202509,営業経費,本年実績,福岡支店計,47453,,,,,,,,-47453
福岡支店,202509,営業経費,本年実績,福北センター,7474,,,,,,,,-7474
福岡支店,202509,営業経費,本年目標,GSセンター,1371,,,,,,,,-1371
福岡支店,202509,営業経費,本年目標,工事部計,16697,,,,,,,,-16697
福岡支店,202509,営業経費,本年目標,硝子樹脂計,22404,,,,,,,,-22404
福岡支店,202509,営業経費,本年目標,福岡支店計,48354,,,,,,,,-48354
福岡支店,202509,営業経費,本年目標,福北センター,7882,,,,,,,,-7882
福岡支店,202509,営業利益,本年実績,GSセンター,-458,,,,,,,,458
福岡支店,202509,営業利益,本年実績,工事部計,4917,,,,,,,,-4917
福岡支店,202509,営業利益,本年実績,硝子樹脂計,5850,,,,,,,,-5850
福岡支店,202509,営業利益,本年実績,福岡支店計,10875,,,,,,,,-10875
福岡支店,202509,営業利益,本年実績,福北センター,566,,,,,,,,-566
福岡支店,202509,営業利益,本年目標,GSセンター,-371,,,,,,,,371
福岡支店,202509,営業利益,本年目標,工事部計,8898,,,,,,,,-8898
福岡支店,202509,営業利益,本年目標,硝子樹脂計,10237,,,,,,,,-10237
福岡支店,202509,営業利益,本年目標,福岡支店計,18996,,,,,,,,-18996
福岡支店,202509,営業利益,本年目標,福北センター,232,,,,,,,,-232
福岡支店,202509,経常・純利益,当月経常利益,GSセンター,-351,,,,,,,,351
福岡支店,202509,経常・純利益,当月経常利益,工事部計,4131,,,,,,,,-4131
福岡支店,202509,経常・純利益,当月経常利益,硝子樹脂計,5761,,,,,,,,-5761
福岡支店,202509,経常・純利益,当月経常利益,福岡支店計,9873,,,,,,,,-9873
福岡支店,202509,経常・純利益,当月経常利益,福北センター,332,,,,,,,,-332
福岡支店,202509,経常・純利益,当月純利益,GSセンター,-454,,,,,,,,454
福岡支店,202509,経常・純利益,当月純利益,工事部計,375,,,,,,,,-375
福岡支店,202509,経常・純利益,当月純利益,硝子樹脂計,1387,,,,,,,,-1387
福岡支店,202509,経常・純利益,当月純利益,福岡支店計,1949,,,,,,,,-1949
福岡支店,202509,経常・純利益,当月純利益,福北センター,641,,,,,,,,-641
福岡支店,202509,売上高,本年実績,GSセンター,3782,,,,,,,,-3782
福岡支店,202509,売上高,本年実績,ビルサッシ,7245,,,,,,,,-7245
福岡支店,202509,売上高,本年実績,建材,52319,,,,,,,,-52319
福岡支店,202509,売上高,本年実績,工事部計,160917,,,,,,,,-160917
福岡支店,202509,売上高,本年実績,樹脂,15652,,,,,,,,-15652
福岡支店,202509,売上高,本年実績,硝子,45574,,,,,,,,-45574
福岡支店,202509,売上高,本年実績,硝子工事,138748,,,,,,,,-138748
福岡支店,202509,売上高,本年実績,硝子樹脂計,113545,,,,,,,,-113545
福岡支店,202509,売上高,本年実績,内装工事,14924,,,,,,,,-14924
福岡支店,202509,売上高,本年実績,福岡支店計,286800,,,,,,,,-286800
福岡支店,202509,売上高,本年実績,福北センター,8556,,,,,,,,-8556
福岡支店,202509,売上高,本年目標,GSセンター,4500,,,,,,,,-4500
福岡支店,202509,売上高,本年目標,ビルサッシ,10000,,,,,,,,-10000
福岡支店,202509,売上高,本年目標,建材,75363,,,,,,,,-75363
福岡支店,202509,売上高,本年目標,工事部計,146600,,,,,,,,-146600
福岡支店,202509,売上高,本年目標,樹脂,15000,,,,,,,,-15000
福岡支店,202509,売上高,本年目標,硝子,53500,,,,,,,,-53500
福岡支店,202509,売上高,本年目標,硝子工事,118600,,,,,,,,-118600
福岡支店,202509,売上高,本年目標,硝子樹脂計,143863,,,,,,,,-143863
福岡支店,202509,売上高,本年目標,内装工事,18000,,,,,,,,-18000
福岡支店,202509,売上高,本年目標,福岡支店計,303361,,,,,,,,-303361
福岡支店,202509,売上高,本年目標,福北センター,8398,,,,,,,,-8398
福岡支店,202509,売上総利益,本年実績,GSセンター,577,,,,,,,,-577
福岡支店,202509,売上総利益,本年実績,ビルサッシ,555,,,,,,,,-555
福岡支店,202509,売上総利益,本年実績,建材,14900,,,,,,,,-14900
福岡支店,202509,売上総利益,本年実績,工事部計,21026,,,,,,,,-21026
福岡支店,202509,売上総利益,本年実績,樹脂,2798,,,,,,,,-2798
福岡支店,202509,売上総利益,本年実績,硝子,10987,,,,,,,,-10987
福岡支店,202509,売上総利益,本年実績,硝子工事,15698,,,,,,,,-15698
福岡支店,202509,売上総利益,本年実績,硝子樹脂計,28685,,,,,,,,-28685
福岡支店,202509,売上総利益,本年実績,内装工事,4773,,,,,,,,-4773
福岡支店,202509,売上総利益,本年実績,福岡支店計,58328,,,,,,,,-58328
福岡支店,202509,売上総利益,本年実績,福北センター,8040,,,,,,,,-8040
福岡支店,202509,売上総利益,本年目標,GSセンター,1000,,,,,,,,-1000
福岡支店,202509,売上総利益,本年目標,ビルサッシ,500,,,,,,,,-500
福岡支店,202509,売上総利益,本年目標,建材,18141,,,,,,,,-18141
福岡支店,202509,売上総利益,本年目標,工事部計,25595,,,,,,,,-25595
福岡支店,202509,売上総利益,本年目標,樹脂,3000,,,,,,,,-3000
福岡支店,202509,売上総利益,本年目標,硝子,11500,,,,,,,,-11500
福岡支店,202509,売上総利益,本年目標,硝子工事,19595,,,,,,,,-19595
福岡支店,202509,売上総利益,本年目標,硝子樹脂計,32641,,,,,,,,-32641
福岡支店,202509,売上総利益,本年目標,内装工事,5500,,,,,,,,-5500
福岡支店,202509,売上総利益,本年目標,福岡支店計,67350,,,,,,,,-67350
福岡支店,202509,売上総利益,本年目標,福北センター,8114,,,,,,,,-8114
福岡支店,202509,売総利益率,前年実績,GSセンター,27,,,,,,,,-27
福岡支店,202509,売総利益率,前年実績,ビルサッシ,5,,,,,,,,-5
福岡支店,202509,売総利益率,前年実績,建材,21,,,,,,,,-21
福岡支店,202509,売総利益率,前年実績,工事部計,12,,,,,,,,-12
福岡支店,202509,売総利益率,前年実績,樹脂,22.2,,,,,,,,-22.2
福岡支店,202509,売総利益率,前年実績,硝子,20.1,,,,,,,,-20.1
福岡支店,202509,売総利益率,前年実績,硝子工事,10.3,,,,,,,,-10.3
福岡支店,202509,売総利益率,前年実績,硝子樹脂計,20.8,,,,,,,,-20.8
福岡支店,202509,売総利益率,前年実績,内装工事,41.4,,,,,,,,-41.4
福岡支店,202509,売総利益率,前年実績,福岡支店計,16,,,,,,,,-16
福岡支店,202509,売総利益率,前年実績,福北センター,96.4,,,,,,,,-96.4
福岡支店,202509,売総利益率,本年実績,GSセンター,15,,,,,,,,-15
福岡支店,202509,売総利益率,本年実績,ビルサッシ,8,,,,,,,,-8
福岡支店,202509,売総利益率,本年実績,建材,28.5,,,,,,,,-28.5
福岡支店,202509,売総利益率,本年実績,工事部計,13.1,,,,,,,,-13.1
福岡支店,202509,売総利益率,本年実績,樹脂,17.9,,,,,,,,-17.9
福岡支店,202509,売総利益率,本年実績,硝子,24.1,,,,,,,,-24.1
福岡支店,202509,売総利益率,本年実績,硝子工事,11.3,,,,,,,,-11.3
福岡支店,202509,売総利益率,本年実績,硝子樹脂計,25.3,,,,,,,,-25.3
福岡支店,202509,売総利益率,本年実績,内装工事,32,,,,,,,,-32
福岡支店,202509,売総利益率,本年実績,福岡支店計,20,,,,,,,,-20
福岡支店,202509,売総利益率,本年実績,福北センター,94,,,,,,,,-94
福岡支店,202509,売総利益率,本年目標,GSセンター,22,,,,,,,,-22
福岡支店,202509,売総利益率,本年目標,ビルサッシ,5,,,,,,,,-5
福岡支店,202509,売総利益率,本年目標,建材,24.1,,,,,,,,-24.1
福岡支店,202509,売総利益率,本年目標,工事部計,17.5,,,,,,,,-17.5
福岡支店,202509,売総利益率,本年目標,樹脂,20,,,,,,,,-20
福岡支店,202509,売総利益率,本年目標,硝子,21.5,,,,,,,,-21.5
福岡支店,202509,売総利益率,本年目標,硝子工事,16.5,,,,,,,,-16.5
福岡支店,202509,売総利益率,本年目標,硝子樹脂計,22.7,,,,,,,,-22.7
福岡支店,202509,売総利益率,本年目標,内装工事,30.6,,,,,,,,-30.6
福岡支店,202509,売総利益率,本年目標,福岡支店計,22,,,,,,,,-22
福岡支店,202509,売総利益率,本年目標,福北センター,96.6,,,,,,,,-96.6
福岡支店,202510,売上高,本年目標,GSセンター,4500,,,,,,,,-4500
福岡支店,202510,売上高,本年目標,ビルサッシ,10000,,,,,,,,-10000
福岡支店,202510,売上高,本年目標,建材,56364,,,,,,,,-56364
福岡支店,202510,売上高,本年目標,工事部計,151850,,,,,,,,-151850
福岡支店,202510,売上高,本年目標,樹脂,15000,,,,,,,,-15000
福岡支店,202510,売上高,本年目標,硝子,70000,,,,,,,,-70000
福岡支店,202510,売上高,本年目標,硝子工事,123850,,,,,,,,-123850
福岡支店,202510,売上高,本年目標,硝子樹脂計,141364,,,,,,,,-141364
福岡支店,202510,売上高,本年目標,内装工事,18000,,,,,,,,-18000
福岡支店,202510,売上高,本年目標,福岡支店計,304890,,,,,,,,-304890
福岡支店,202510,売上高,本年目標,福北センター,7176,,,,,,,,-7176
福岡支店,202510,売上高,本年実績,福岡支店計,300018,,,,,,,,-300018
福岡支店,202510,売上高,本年実績,工事部計,169687,,,,,,,,-169687
福岡支店,202510,売上高,本年実績,硝子工事,148847,,,,,,,,-148847
福岡支店,202510,売上高,本年実績,ビルサッシ,5207,,,,,,,,-5207
福岡支店,202510,売上高,本年実績,内装工事,15633,,,,,,,,-15633
福岡支店,202510,売上高,本年実績,硝子樹脂計,117536,,,,,,,,-117536
福岡支店,202510,売上高,本年実績,硝子,44594,,,,,,,,-44594
福岡支店,202510,売上高,本年実績,建材,58109,,,,,,,,-58109
福岡支店,202510,売上高,本年実績,樹脂,14833,,,,,,,,-14833
福岡支店,202510,売上高,本年実績,GSセンター,4369,,,,,,,,-4369
福岡支店,202510,売上高,本年実績,福北センター,8426,,,,,,,,-8426
福岡支店,202510,売上総利益,本年目標,福岡支店計,66712,,,,,,,,-66712
福岡支店,202510,売上総利益,本年目標,工事部計,26645,,,,,,,,-26645
福岡支店,202510,売上総利益,本年目標,硝子工事,20645,,,,,,,,-20645
福岡支店,202510,売上総利益,本年目標,ビルサッシ,500,,,,,,,,-500
福岡支店,202510,売上総利益,本年目標,内装工事,5500,,,,,,,,-5500
福岡支店,202510,売上総利益,本年目標,硝子樹脂計,32060,,,,,,,,-32060
福岡支店,202510,売上総利益,本年目標,硝子,15000,,,,,,,,-15000
福岡支店,202510,売上総利益,本年目標,建材,14060,,,,,,,,-14060
福岡支店,202510,売上総利益,本年目標,樹脂,3000,,,,,,,,-3000
福岡支店,202510,売上総利益,本年目標,GSセンター,1000,,,,,,,,-1000
福岡支店,202510,売上総利益,本年目標,福北センター,7007,,,,,,,,-7007
福岡支店,202510,売上総利益,本年実績,福岡支店計,62936,,,,,,,,-62936
福岡支店,202510,売上総利益,本年実績,工事部計,28128,,,,,,,,-28128
福岡支店,202510,売上総利益,本年実績,硝子工事,23123,,,,,,,,-23123
福岡支店,202510,売上総利益,本年実績,ビルサッシ,282,,,,,,,,-282
福岡支店,202510,売上総利益,本年実績,内装工事,4723,,,,,,,,-4723
福岡支店,202510,売上総利益,本年実績,硝子樹脂計,26723,,,,,,,,-26723
福岡支店,202510,売上総利益,本年実績,硝子,11119,,,,,,,,-11119
福岡支店,202510,売上総利益,本年実績,建材,12840,,,,,,,,-12840
福岡支店,202510,売上総利益,本年実績,樹脂,2764,,,,,,,,-2764
福岡支店,202510,売上総利益,本年実績,GSセンター,847,,,,,,,,-847
福岡支店,202510,売上総利益,本年実績,福北センター,7238,,,,,,,,-7238
福岡支店,202510,売総利益率,前年実績,福岡支店計,,,,,,,,,0
福岡支店,202510,売総利益率,前年実績,工事部計,,,,,,,,,0
福岡支店,202510,売総利益率,前年実績,硝子工事,,,,,,,,,0
福岡支店,202510,売総利益率,前年実績,ビルサッシ,,,,,,,,,0
福岡支店,202510,売総利益率,前年実績,内装工事,,,,,,,,,0
福岡支店,202510,売総利益率,前年実績,硝子樹脂計,,,,,,,,,0
福岡支店,202510,売総利益率,前年実績,硝子,,,,,,,,,0
福岡支店,202510,売総利益率,前年実績,建材,,,,,,,,,0
福岡支店,202510,売総利益率,前年実績,樹脂,,,,,,,,,0
福岡支店,202510,売総利益率,前年実績,GSセンター,,,,,,,,,0
福岡支店,202510,売総利益率,前年実績,福北センター,,,,,,,,,0
福岡支店,202510,売総利益率,本年目標,福岡支店計,,,,,,,,,0
福岡支店,202510,売総利益率,本年目標,工事部計,,,,,,,,,0
福岡支店,202510,売総利益率,本年目標,硝子工事,,,,,,,,,0
福岡支店,202510,売総利益率,本年目標,ビルサッシ,,,,,,,,,0
福岡支店,202510,売総利益率,本年目標,内装工事,,,,,,,,,0
福岡支店,202510,売総利益率,本年目標,硝子樹脂計,,,,,,,,,0
福岡支店,202510,売総利益率,本年目標,硝子,,,,,,,,,0
福岡支店,202510,売総利益率,本年目標,建材,,,,,,,,,0
福岡支店,202510,売総利益率,本年目標,樹脂,,,,,,,,,0
福岡支店,202510,売総利益率,本年目標,GSセンター,,,,,,,,,0
福岡支店,202510,売総利益率,本年目標,福北センター,,,,,,,,,0
福岡支店,202510,売総利益率,本年実績,福岡支店計,,,,,,,,,0
福岡支店,202510,売総利益率,本年実績,工事部計,,,,,,,,,0
福岡支店,202510,売総利益率,本年実績,硝子工事,,,,,,,,,0
福岡支店,202510,売総利益率,本年実績,ビルサッシ,,,,,,,,,0
福岡支店,202510,売総利益率,本年実績,内装工事,,,,,,,,,0
福岡支店,202510,売総利益率,本年実績,硝子樹脂計,,,,,,,,,0
福岡支店,202510,売総利益率,本年実績,硝子,,,,,,,,,0
福岡支店,202510,売総利益率,本年実績,建材,,,,,,,,,0
福岡支店,202510,売総利益率,本年実績,樹脂,,,,,,,,,0
福岡支店,202510,売総利益率,本年実績,GSセンター,,,,,,,,,0
福岡支店,202510,売総利益率,本年実績,福北センター,,,,,,,,,0
福岡支店,202510,営業経費,本年目標,福岡支店計,45235,,,,,,,,-45235
福岡支店,202510,営業経費,本年目標,工事部計,15669,,,,,,,,-15669
福岡支店,202510,営業経費,本年目標,硝子樹脂計,21299,,,,,,,,-21299
福岡支店,202510,営業経費,本年目標,GSセンター,1293,,,,,,,,-1293
福岡支店,202510,営業経費,本年目標,福北センター,6974,,,,,,,,-6974
福岡支店,202510,営業経費,本年実績,福岡支店計,49442,,,,,,,,-49442
福岡支店,202510,営業経費,本年実績,工事部計,17231,,,,,,,,-17231
福岡支店,202510,営業経費,本年実績,硝子樹脂計,23931,,,,,,,,-23931
福岡支店,202510,営業経費,本年実績,GSセンター,1183,,,,,,,,-1183
福岡支店,202510,営業経費,本年実績,福北センター,7097,,,,,,,,-7097
福岡支店,202510,営業利益,本年目標,福岡支店計,21477,,,,,,,,-21477
福岡支店,202510,営業利益,本年目標,工事部計,10976,,,,,,,,-10976
福岡支店,202510,営業利益,本年目標,硝子樹脂計,10761,,,,,,,,-10761
福岡支店,202510,営業利益,本年目標,GSセンター,-293,,,,,,,,293
福岡支店,202510,営業利益,本年目標,福北センター,33,,,,,,,,-33
福岡支店,202510,営業利益,本年実績,福岡支店計,13494,,,,,,,,-13494
福岡支店,202510,営業利益,本年実績,工事部計,10897,,,,,,,,-10897
福岡支店,202510,営業利益,本年実績,硝子樹脂計,2792,,,,,,,,-2792
福岡支店,202510,営業利益,本年実績,GSセンター,-336,,,,,,,,336
福岡支店,202510,営業利益,本年実績,福北センター,141,,,,,,,,-141
福岡支店,202510,その他損益,本店管理費,福岡支店計,4333,,,,,,,,-4333
福岡支店,202510,その他損益,本店管理費,工事部計,2126,,,,,,,,-2126
福岡支店,202510,その他損益,本店管理費,硝子樹脂計,2207,,,,,,,,-2207
福岡支店,202510,経常利益,目標経常利益,福岡支店計,12354,,,,,,,,-12354
福岡支店,202510,経常利益,目標経常利益,工事部計,6209,,,,,,,,-6209
福岡支店,202510,経常利益,目標経常利益,硝子樹脂計,6285,,,,,,,,-6285
福岡支店,202510,経常利益,目標経常利益,GSセンター,-273,,,,,,,,273
福岡支店,202510,経常利益,目標経常利益,福北センター,133,,,,,,,,-133
福岡支店,202510,経常利益,当月経常利益,福岡支店計,4437,,,,,,,,-4437
福岡支店,202510,経常利益,当月経常利益,工事部計,6291,,,,,,,,-6291
福岡支店,202510,経常利益,当月経常利益,硝子樹脂計,-1795,,,,,,,,1795
福岡支店,202510,経常利益,当月経常利益,GSセンター,-273,,,,,,,,273
福岡支店,202510,経常利益,当月経常利益,福北センター,214,,,,,,,,-214
福岡支店,202511,売上高,本年目標,福岡支店計,289934,,,,,,,,-289934
福岡支店,202511,売上高,本年目標,工事部計,137550,,,,,,,,-137550
福岡支店,202511,売上高,本年目標,硝子工事,109550,,,,,,,,-109550
福岡支店,202511,売上高,本年目標,ビルサッシ,10000,,,,,,,,-10000
福岡支店,202511,売上高,本年目標,内装工事,18000,,,,,,,,-18000
福岡支店,202511,売上高,本年目標,硝子樹脂計,137727,,,,,,,,-137727
福岡支店,202511,売上高,本年目標,硝子,70000,,,,,,,,-70000
福岡支店,202511,売上高,本年目標,建材,52727,,,,,,,,-52727
福岡支店,202511,売上高,本年目標,樹脂,15000,,,,,,,,-15000
福岡支店,202511,売上高,本年目標,GSセンター,4500,,,,,,,,-4500
福岡支店,202511,売上高,本年目標,福北センター,10157,,,,,,,,-10157
福岡支店,202511,売上高,本年実績,福岡支店計,281996,,,,,,,,-281996
福岡支店,202511,売上高,本年実績,工事部計,140416,,,,,,,,-140416
福岡支店,202511,売上高,本年実績,硝子工事,117512,,,,,,,,-117512
福岡支店,202511,売上高,本年実績,ビルサッシ,7879,,,,,,,,-7879
福岡支店,202511,売上高,本年実績,内装工事,15025,,,,,,,,-15025
福岡支店,202511,売上高,本年実績,硝子樹脂計,130074,,,,,,,,-130074
福岡支店,202511,売上高,本年実績,硝子,59279,,,,,,,,-59279
福岡支店,202511,売上高,本年実績,建材,56713,,,,,,,,-56713
福岡支店,202511,売上高,本年実績,樹脂,14082,,,,,,,,-14082
福岡支店,202511,売上高,本年実績,GSセンター,3749,,,,,,,,-3749
福岡支店,202511,売上高,本年実績,福北センター,7757,,,,,,,,-7757
福岡支店,202511,売上総利益,本年目標,福岡支店計,63075,,,,,,,,-63075
福岡支店,202511,売上総利益,本年目標,工事部計,23785,,,,,,,,-23785
福岡支店,202511,売上総利益,本年目標,硝子工事,17785,,,,,,,,-17785
福岡支店,202511,売上総利益,本年目標,ビルサッシ,500,,,,,,,,-500
福岡支店,202511,売上総利益,本年目標,内装工事,5500,,,,,,,,-5500
福岡支店,202511,売上総利益,本年目標,硝子樹脂計,31200,,,,,,,,-31200
福岡支店,202511,売上総利益,本年目標,硝子,15000,,,,,,,,-15000
福岡支店,202511,売上総利益,本年目標,建材,13200,,,,,,,,-13200
福岡支店,202511,売上総利益,本年目標,樹脂,3000,,,,,,,,-3000
福岡支店,202511,売上総利益,本年目標,GSセンター,1000,,,,,,,,-1000
福岡支店,202511,売上総利益,本年目標,福北センター,7090,,,,,,,,-7090
福岡支店,202511,売上総利益,本年実績,福岡支店計,60170,,,,,,,,-60170
福岡支店,202511,売上総利益,本年実績,工事部計,24507,,,,,,,,-24507
福岡支店,202511,売上総利益,本年実績,硝子工事,18647,,,,,,,,-18647
福岡支店,202511,売上総利益,本年実績,ビルサッシ,453,,,,,,,,-453
福岡支店,202511,売上総利益,本年実績,内装工事,5407,,,,,,,,-5407
福岡支店,202511,売上総利益,本年実績,硝子樹脂計,28054,,,,,,,,-28054
福岡支店,202511,売上総利益,本年実績,硝子,12141,,,,,,,,-12141
福岡支店,202511,売上総利益,本年実績,建材,12371,,,,,,,,-12371
福岡支店,202511,売上総利益,本年実績,樹脂,3542,,,,,,,,-3542
福岡支店,202511,売上総利益,本年実績,GSセンター,500,,,,,,,,-500
福岡支店,202511,売上総利益,本年実績,福北センター,7109,,,,,,,,-7109
福岡支店,202511,売総利益率,前年実績,福岡支店計,,,,,,,,,0
福岡支店,202511,売総利益率,前年実績,工事部計,,,,,,,,,0
福岡支店,202511,売総利益率,前年実績,硝子工事,,,,,,,,,0
福岡支店,202511,売総利益率,前年実績,ビルサッシ,,,,,,,,,0
福岡支店,202511,売総利益率,前年実績,内装工事,,,,,,,,,0
福岡支店,202511,売総利益率,前年実績,硝子樹脂計,,,,,,,,,0
福岡支店,202511,売総利益率,前年実績,硝子,,,,,,,,,0
福岡支店,202511,売総利益率,前年実績,建材,,,,,,,,,0
福岡支店,202511,売総利益率,前年実績,樹脂,,,,,,,,,0
福岡支店,202511,売総利益率,前年実績,GSセンター,,,,,,,,,0
福岡支店,202511,売総利益率,前年実績,福北センター,,,,,,,,,0
福岡支店,202511,売総利益率,本年目標,福岡支店計,,,,,,,,,0
福岡支店,202511,売総利益率,本年目標,工事部計,,,,,,,,,0
福岡支店,202511,売総利益率,本年目標,硝子工事,,,,,,,,,0
福岡支店,202511,売総利益率,本年目標,ビルサッシ,,,,,,,,,0
福岡支店,202511,売総利益率,本年目標,内装工事,,,,,,,,,0
福岡支店,202511,売総利益率,本年目標,硝子樹脂計,,,,,,,,,0
福岡支店,202511,売総利益率,本年目標,硝子,,,,,,,,,0
福岡支店,202511,売総利益率,本年目標,建材,,,,,,,,,0
福岡支店,202511,売総利益率,本年目標,樹脂,,,,,,,,,0
福岡支店,202511,売総利益率,本年目標,GSセンター,,,,,,,,,0
福岡支店,202511,売総利益率,本年目標,福北センター,,,,,,,,,0
福岡支店,202511,売総利益率,本年実績,福岡支店計,,,,,,,,,0
福岡支店,202511,売総利益率,本年実績,工事部計,,,,,,,,,0
福岡支店,202511,売総利益率,本年実績,硝子工事,,,,,,,,,0
福岡支店,202511,売総利益率,本年実績,ビルサッシ,,,,,,,,,0
福岡支店,202511,売総利益率,本年実績,内装工事,,,,,,,,,0
福岡支店,202511,売総利益率,本年実績,硝子樹脂計,,,,,,,,,0
福岡支店,202511,売総利益率,本年実績,硝子,,,,,,,,,0
福岡支店,202511,売総利益率,本年実績,建材,,,,,,,,,0
福岡支店,202511,売総利益率,本年実績,樹脂,,,,,,,,,0
福岡支店,202511,売総利益率,本年実績,GSセンター,,,,,,,,,0
福岡支店,202511,売総利益率,本年実績,福北センター,,,,,,,,,0
福岡支店,202511,営業経費,本年目標,福岡支店計,48482,,,,,,,,-48482
福岡支店,202511,営業経費,本年目標,工事部計,16735,,,,,,,,-16735
福岡支店,202511,営業経費,本年目標,硝子樹脂計,23089,,,,,,,,-23089
福岡支店,202511,営業経費,本年目標,GSセンター,1433,,,,,,,,-1433
福岡支店,202511,営業経費,本年目標,福北センター,7225,,,,,,,,-7225
福岡支店,202511,営業経費,本年実績,福岡支店計,49301,,,,,,,,-49301
福岡支店,202511,営業経費,本年実績,工事部計,16515,,,,,,,,-16515
福岡支店,202511,営業経費,本年実績,硝子樹脂計,24046,,,,,,,,-24046
福岡支店,202511,営業経費,本年実績,GSセンター,977,,,,,,,,-977
福岡支店,202511,営業経費,本年実績,福北センター,7763,,,,,,,,-7763
福岡支店,202511,営業利益,本年目標,福岡支店計,14593,,,,,,,,-14593
福岡支店,202511,営業利益,本年目標,工事部計,7050,,,,,,,,-7050
福岡支店,202511,営業利益,本年目標,硝子樹脂計,8111,,,,,,,,-8111
福岡支店,202511,営業利益,本年目標,GSセンター,-433,,,,,,,,433
福岡支店,202511,営業利益,本年目標,福北センター,-135,,,,,,,,135
福岡支店,202511,営業利益,本年実績,福岡支店計,10869,,,,,,,,-10869
福岡支店,202511,営業利益,本年実績,工事部計,7992,,,,,,,,-7992
福岡支店,202511,営業利益,本年実績,硝子樹脂計,4008,,,,,,,,-4008
福岡支店,202511,営業利益,本年実績,GSセンター,-477,,,,,,,,477
福岡支店,202511,営業利益,本年実績,福北センター,-654,,,,,,,,654
福岡支店,202511,その他損益,本店管理費,福岡支店計,4333,,,,,,,,-4333
福岡支店,202511,その他損益,本店管理費,工事部計,2126,,,,,,,,-2126
福岡支店,202511,その他損益,本店管理費,硝子樹脂計,2207,,,,,,,,-2207
福岡支店,202511,経常利益,目標経常利益,福岡支店計,5470,,,,,,,,-5470
福岡支店,202511,経常利益,目標経常利益,工事部計,2283,,,,,,,,-2283
福岡支店,202511,経常利益,目標経常利益,硝子樹脂計,3635,,,,,,,,-3635
福岡支店,202511,経常利益,目標経常利益,GSセンター,-413,,,,,,,,413
福岡支店,202511,経常利益,目標経常利益,福北センター,-35,,,,,,,,35
福岡支店,202511,経常利益,当月経常利益,福岡支店計,2064,,,,,,,,-2064
福岡支店,202511,経常利益,当月経常利益,工事部計,3316,,,,,,,,-3316
福岡支店,202511,経常利益,当月経常利益,硝子樹脂計,-202,,,,,,,,202
福岡支店,202511,経常利益,当月経常利益,GSセンター,-472,,,,,,,,472
福岡支店,202511,経常利益,当月経常利益,福北センター,-578,,,,,,,,578